name,phase,fold,start,end,benchmark,kind,cutoff,likelihood,size_conditioned,prior_multiplier
screen_2022_broad_gaussian_baseline_day1,reference_screen,2022,2022-01-01,2024-01-01,broad,M0,1,gaussian,False,1.0
screen_2024_broad_gaussian_baseline_day1,reference_screen,2024,2024-01-01,2025-01-01,broad,M0,1,gaussian,False,1.0
screen_2022_broad_gaussian_baseline_day5,reference_screen,2022,2022-01-01,2024-01-01,broad,M0,5,gaussian,False,1.0
screen_2024_broad_gaussian_baseline_day5,reference_screen,2024,2024-01-01,2025-01-01,broad,M0,5,gaussian,False,1.0
screen_2022_broad_gaussian_baseline_day10,reference_screen,2022,2022-01-01,2024-01-01,broad,M0,10,gaussian,False,1.0
screen_2024_broad_gaussian_baseline_day10,reference_screen,2024,2024-01-01,2025-01-01,broad,M0,10,gaussian,False,1.0
screen_2022_broad_gaussian_baseline_day20,reference_screen,2022,2022-01-01,2024-01-01,broad,M0,20,gaussian,False,1.0
screen_2024_broad_gaussian_baseline_day20,reference_screen,2024,2024-01-01,2025-01-01,broad,M0,20,gaussian,False,1.0
screen_2022_broad_student_baseline_day1,reference_screen,2022,2022-01-01,2024-01-01,broad,M0,1,student,False,1.0
screen_2024_broad_student_baseline_day1,reference_screen,2024,2024-01-01,2025-01-01,broad,M0,1,student,False,1.0
screen_2022_broad_student_baseline_day5,reference_screen,2022,2022-01-01,2024-01-01,broad,M0,5,student,False,1.0
screen_2024_broad_student_baseline_day5,reference_screen,2024,2024-01-01,2025-01-01,broad,M0,5,student,False,1.0
screen_2022_broad_student_baseline_day10,reference_screen,2022,2022-01-01,2024-01-01,broad,M0,10,student,False,1.0
screen_2024_broad_student_baseline_day10,reference_screen,2024,2024-01-01,2025-01-01,broad,M0,10,student,False,1.0
screen_2022_broad_student_baseline_day20,reference_screen,2022,2022-01-01,2024-01-01,broad,M0,20,student,False,1.0
screen_2024_broad_student_baseline_day20,reference_screen,2024,2024-01-01,2025-01-01,broad,M0,20,student,False,1.0
screen_2022_growth_gaussian_baseline_day1,reference_screen,2022,2022-01-01,2024-01-01,growth,M0,1,gaussian,False,1.0
screen_2024_growth_gaussian_baseline_day1,reference_screen,2024,2024-01-01,2025-01-01,growth,M0,1,gaussian,False,1.0
screen_2022_growth_gaussian_baseline_day5,reference_screen,2022,2022-01-01,2024-01-01,growth,M0,5,gaussian,False,1.0
screen_2024_growth_gaussian_baseline_day5,reference_screen,2024,2024-01-01,2025-01-01,growth,M0,5,gaussian,False,1.0
screen_2022_growth_gaussian_baseline_day10,reference_screen,2022,2022-01-01,2024-01-01,growth,M0,10,gaussian,False,1.0
screen_2024_growth_gaussian_baseline_day10,reference_screen,2024,2024-01-01,2025-01-01,growth,M0,10,gaussian,False,1.0
screen_2022_growth_gaussian_baseline_day20,reference_screen,2022,2022-01-01,2024-01-01,growth,M0,20,gaussian,False,1.0
screen_2024_growth_gaussian_baseline_day20,reference_screen,2024,2024-01-01,2025-01-01,growth,M0,20,gaussian,False,1.0
screen_2022_growth_student_baseline_day1,reference_screen,2022,2022-01-01,2024-01-01,growth,M0,1,student,False,1.0
screen_2024_growth_student_baseline_day1,reference_screen,2024,2024-01-01,2025-01-01,growth,M0,1,student,False,1.0
screen_2022_growth_student_baseline_day5,reference_screen,2022,2022-01-01,2024-01-01,growth,M0,5,student,False,1.0
screen_2024_growth_student_baseline_day5,reference_screen,2024,2024-01-01,2025-01-01,growth,M0,5,student,False,1.0
screen_2022_growth_student_baseline_day10,reference_screen,2022,2022-01-01,2024-01-01,growth,M0,10,student,False,1.0
screen_2024_growth_student_baseline_day10,reference_screen,2024,2024-01-01,2025-01-01,growth,M0,10,student,False,1.0
screen_2022_growth_student_baseline_day20,reference_screen,2022,2022-01-01,2024-01-01,growth,M0,20,student,False,1.0
screen_2024_growth_student_baseline_day20,reference_screen,2024,2024-01-01,2025-01-01,growth,M0,20,student,False,1.0
screen_2022_growth_student_size_baseline_day1,reference_screen,2022,2022-01-01,2024-01-01,growth,M0size,1,student,False,1.0
screen_2024_growth_student_size_baseline_day1,reference_screen,2024,2024-01-01,2025-01-01,growth,M0size,1,student,False,1.0
screen_2022_growth_student_size_baseline_day5,reference_screen,2022,2022-01-01,2024-01-01,growth,M0size,5,student,False,1.0
screen_2024_growth_student_size_baseline_day5,reference_screen,2024,2024-01-01,2025-01-01,growth,M0size,5,student,False,1.0
screen_2022_growth_student_size_baseline_day10,reference_screen,2022,2022-01-01,2024-01-01,growth,M0size,10,student,False,1.0
screen_2024_growth_student_size_baseline_day10,reference_screen,2024,2024-01-01,2025-01-01,growth,M0size,10,student,False,1.0
screen_2022_growth_student_size_baseline_day20,reference_screen,2022,2022-01-01,2024-01-01,growth,M0size,20,student,False,1.0
screen_2024_growth_student_size_baseline_day20,reference_screen,2024,2024-01-01,2025-01-01,growth,M0size,20,student,False,1.0
development_2022_growth_student_baseline_day1,development,2022,2022-01-01,2024-01-01,growth,M0,1,student,True,1.0
development_2024_growth_student_baseline_day1,development,2024,2024-01-01,2025-01-01,growth,M0,1,student,True,1.0
development_2022_growth_student_baseline_day5,development,2022,2022-01-01,2024-01-01,growth,M0,5,student,True,1.0
development_2024_growth_student_baseline_day5,development,2024,2024-01-01,2025-01-01,growth,M0,5,student,True,1.0
development_2022_growth_student_baseline_day10,development,2022,2022-01-01,2024-01-01,growth,M0,10,student,True,1.0
development_2024_growth_student_baseline_day10,development,2024,2024-01-01,2025-01-01,growth,M0,10,student,True,1.0
development_2022_growth_student_baseline_day20,development,2022,2022-01-01,2024-01-01,growth,M0,20,student,True,1.0
development_2024_growth_student_baseline_day20,development,2024,2024-01-01,2025-01-01,growth,M0,20,student,True,1.0
development_2022_growth_student_price_day5,development,2022,2022-01-01,2024-01-01,growth,M1,5,student,True,1.0
development_2024_growth_student_price_day5,development,2024,2024-01-01,2025-01-01,growth,M1,5,student,True,1.0
development_2022_growth_student_price_day10,development,2022,2022-01-01,2024-01-01,growth,M1,10,student,True,1.0
development_2024_growth_student_price_day10,development,2024,2024-01-01,2025-01-01,growth,M1,10,student,True,1.0
development_2022_growth_student_price_day20,development,2022,2022-01-01,2024-01-01,growth,M1,20,student,True,1.0
development_2024_growth_student_price_day20,development,2024,2024-01-01,2025-01-01,growth,M1,20,student,True,1.0
development_2022_growth_student_intensity_day1,development,2022,2022-01-01,2024-01-01,growth,M2,1,student,True,1.0
development_2024_growth_student_intensity_day1,development,2024,2024-01-01,2025-01-01,growth,M2,1,student,True,1.0
development_2022_growth_student_intensity_day5,development,2022,2022-01-01,2024-01-01,growth,M2,5,student,True,1.0
development_2024_growth_student_intensity_day5,development,2024,2024-01-01,2025-01-01,growth,M2,5,student,True,1.0
development_2022_growth_student_intensity_day10,development,2022,2022-01-01,2024-01-01,growth,M2,10,student,True,1.0
development_2024_growth_student_intensity_day10,development,2024,2024-01-01,2025-01-01,growth,M2,10,student,True,1.0
development_2022_growth_student_intensity_day20,development,2022,2022-01-01,2024-01-01,growth,M2,20,student,True,1.0
development_2024_growth_student_intensity_day20,development,2024,2024-01-01,2025-01-01,growth,M2,20,student,True,1.0
development_2022_growth_student_volatility_day5,development,2022,2022-01-01,2024-01-01,growth,M3,5,student,True,1.0
development_2024_growth_student_volatility_day5,development,2024,2024-01-01,2025-01-01,growth,M3,5,student,True,1.0
development_2022_growth_student_volatility_day10,development,2022,2022-01-01,2024-01-01,growth,M3,10,student,True,1.0
development_2024_growth_student_volatility_day10,development,2024,2024-01-01,2025-01-01,growth,M3,10,student,True,1.0
development_2022_growth_student_volatility_day20,development,2022,2022-01-01,2024-01-01,growth,M3,20,student,True,1.0
development_2024_growth_student_volatility_day20,development,2024,2024-01-01,2025-01-01,growth,M3,20,student,True,1.0
development_2022_growth_student_price_size_interaction_day10,development,2022,2022-01-01,2024-01-01,growth,M1size,10,student,True,1.0
development_2024_growth_student_price_size_interaction_day10,development,2024,2024-01-01,2025-01-01,growth,M1size,10,student,True,1.0
final_2025_growth_student_baseline_day1,final,final,2025-01-01,2026-09-08,growth,M0,1,student,True,1.0
final_2025_growth_student_intensity_day1,final,final,2025-01-01,2026-09-08,growth,M2,1,student,True,1.0
final_2025_growth_student_baseline_day5,final,final,2025-01-01,2026-09-08,growth,M0,5,student,True,1.0
final_2025_growth_student_price_day5,final,final,2025-01-01,2026-09-08,growth,M1,5,student,True,1.0
final_2025_growth_student_intensity_day5,final,final,2025-01-01,2026-09-08,growth,M2,5,student,True,1.0
final_2025_growth_student_volatility_day5,final,final,2025-01-01,2026-09-08,growth,M3,5,student,True,1.0
final_2025_growth_student_baseline_day10,final,final,2025-01-01,2026-09-08,growth,M0,10,student,True,1.0
final_2025_growth_student_price_day10,final,final,2025-01-01,2026-09-08,growth,M1,10,student,True,1.0
final_2025_growth_student_intensity_day10,final,final,2025-01-01,2026-09-08,growth,M2,10,student,True,1.0
final_2025_growth_student_volatility_day10,final,final,2025-01-01,2026-09-08,growth,M3,10,student,True,1.0
final_2025_growth_student_baseline_day20,final,final,2025-01-01,2026-09-08,growth,M0,20,student,True,1.0
final_2025_growth_student_price_day20,final,final,2025-01-01,2026-09-08,growth,M1,20,student,True,1.0
final_2025_growth_student_intensity_day20,final,final,2025-01-01,2026-09-08,growth,M2,20,student,True,1.0
final_2025_growth_student_volatility_day20,final,final,2025-01-01,2026-09-08,growth,M3,20,student,True,1.0
sensitivity_2025_growth_student_volatility_day10_narrow_prior,sensitivity_0.5,sensitivity_0.5,2025-01-01,2026-09-08,growth,M3,10,student,True,0.5
sensitivity_2025_growth_student_volatility_day10_wide_prior,sensitivity_2.0,sensitivity_2.0,2025-01-01,2026-09-08,growth,M3,10,student,True,2.0
