comparison,delta,lo,hi,n,crps_delta
1:M1-M0,0.0,0.0,0.0,298.0,0.0
1:M2-M1,0.08882938874309265,0.04739238455856585,0.1359423419836246,298.0,-0.033747704025152064
1:M3-M2,0.0,0.0,0.0,298.0,0.0
5:M1-M0,0.0073000593714404585,-0.0056938448886795475,0.02148623427493298,298.0,0.0015505956924001343
5:M2-M1,0.0696736490594673,0.03615676499338018,0.10930946228144715,298.0,-0.022838538858790967
5:M3-M2,0.04257238669928496,0.01256008717404169,0.07415836793885973,298.0,-0.0053564528912717875
10:M1-M0,0.013707666201758286,0.0015139542363953049,0.027061030907685333,298.0,0.0002092830622145673
10:M2-M1,0.03825878798896904,0.007511530365059626,0.07157006119148211,298.0,-0.015472159823942467
10:M3-M2,0.05773644946591756,0.014871522785987027,0.09936967444437331,298.0,-0.0028679224224626245
20:M1-M0,0.015190249334261661,0.0033856788142548585,0.028249394084708116,298.0,-0.0010121198660072845
20:M2-M1,0.025616183354201044,0.004748275995827378,0.04857150374069835,298.0,-0.007031459120587941
20:M3-M2,0.04354939698974903,0.010463550410922787,0.07726645067283396,298.0,-0.0024373747242428362
