kind,cutoff,prior_0.5%,prior_median,prior_99.5%
M0,1,-2.4728674813451743,0.00023595251990732313,2.4623285758338445
M0,5,-2.1216471081532866,0.00020244027846186285,2.112605039150442
M0,10,-1.9893044772318829,0.0001898125992624844,1.9808264281342385
M0,20,-1.7091280850446589,0.00016307913042364758,1.701844096100274
M1,5,-2.2211066941086135,0.006203702911143361,2.1969782994972644
M1,10,-2.07337969827672,0.005226547044271002,2.044709872096876
M1,20,-1.7712856582589467,0.004594784018424543,1.75211265690588
M2,1,-2.563506339340571,0.011363016828354722,2.5603928474584903
M2,5,-2.271318447013127,-0.00041686771322065747,2.262215192974868
M2,10,-2.122422801192816,0.00010441509507645545,2.105207756681241
M2,20,-1.8183294094165128,-0.0004546065408201957,1.8063264667408807
M3,5,-2.6802991962802953,0.0005859221192913364,2.616465606027615
M3,10,-2.51592608621666,0.0011720759597107222,2.467380231897692
M3,20,-2.1610424462818325,0.0012198108461515464,2.128179675990584
M1size,10,-2.190655115385748,0.0007077209511918009,2.186168534727781
