phase,fold,benchmark,kind,cutoff,likelihood,n_train,max_outcome_date,rhat_max,ess_bulk_min,ess_tail_min,divergences,bfmi_min,diagnostics_ok
reference_screen,2022,broad,M0,1,gaussian,304,2021-12-31 00:00:00,1.0,3084.0,2234.0,0,1.0621983550321636,True
reference_screen,2024,broad,M0,1,gaussian,499,2023-12-29 00:00:00,1.0,3164.0,2151.0,0,1.047421944761072,True
reference_screen,2022,broad,M0,5,gaussian,304,2021-12-31 00:00:00,1.0,2875.0,2118.0,0,1.0261072807266596,True
reference_screen,2024,broad,M0,5,gaussian,499,2023-12-29 00:00:00,1.0,2890.0,1949.0,0,1.115643906379306,True
reference_screen,2022,broad,M0,10,gaussian,304,2021-12-31 00:00:00,1.0,2706.0,2210.0,0,1.004891761832617,True
reference_screen,2024,broad,M0,10,gaussian,499,2023-12-29 00:00:00,1.0,2881.0,1828.0,0,0.9456910962841268,True
reference_screen,2022,broad,M0,20,gaussian,304,2021-12-31 00:00:00,1.0,2864.0,2003.0,0,1.0041478255917378,True
reference_screen,2024,broad,M0,20,gaussian,499,2023-12-29 00:00:00,1.0,2709.0,2175.0,0,0.9839680227882585,True
reference_screen,2022,broad,M0,1,student,304,2021-12-31 00:00:00,1.0,1742.0,1746.0,0,0.9735814688752097,True
reference_screen,2024,broad,M0,1,student,499,2023-12-29 00:00:00,1.0,1059.0,960.0,0,0.8999210325735777,True
reference_screen,2022,broad,M0,5,student,304,2021-12-31 00:00:00,1.0,1688.0,1391.0,0,0.887956420718394,True
reference_screen,2024,broad,M0,5,student,499,2023-12-29 00:00:00,1.0,1702.0,1547.0,0,0.9774848004450462,True
reference_screen,2022,broad,M0,10,student,304,2021-12-31 00:00:00,1.0,1802.0,1753.0,0,0.9897724408211067,True
reference_screen,2024,broad,M0,10,student,499,2023-12-29 00:00:00,1.0,1334.0,897.0,0,0.9320661046471108,True
reference_screen,2022,broad,M0,20,student,304,2021-12-31 00:00:00,1.0,1552.0,1572.0,0,1.0640123266405477,True
reference_screen,2024,broad,M0,20,student,499,2023-12-29 00:00:00,1.0,1338.0,1008.0,0,0.883322135281025,True
reference_screen,2022,growth,M0,1,gaussian,304,2021-12-31 00:00:00,1.0,3139.0,2149.0,0,0.9777529477815129,True
reference_screen,2024,growth,M0,1,gaussian,499,2023-12-29 00:00:00,1.0,2389.0,1826.0,0,1.0900356218549903,True
reference_screen,2022,growth,M0,5,gaussian,304,2021-12-31 00:00:00,1.0,2690.0,2227.0,0,1.0444489753173238,True
reference_screen,2024,growth,M0,5,gaussian,499,2023-12-29 00:00:00,1.0,2821.0,2084.0,0,1.0690690721650349,True
reference_screen,2022,growth,M0,10,gaussian,304,2021-12-31 00:00:00,1.01,3009.0,2190.0,0,0.9732845111382875,True
reference_screen,2024,growth,M0,10,gaussian,499,2023-12-29 00:00:00,1.0,2949.0,2110.0,0,1.0288123489672791,True
reference_screen,2022,growth,M0,20,gaussian,304,2021-12-31 00:00:00,1.0,2961.0,2041.0,0,0.9872530125330924,True
reference_screen,2024,growth,M0,20,gaussian,499,2023-12-29 00:00:00,1.0,3068.0,2100.0,0,1.0557790810711813,True
reference_screen,2022,growth,M0,1,student,304,2021-12-31 00:00:00,1.01,1818.0,1627.0,0,0.939555314038194,True
reference_screen,2024,growth,M0,1,student,499,2023-12-29 00:00:00,1.0,1175.0,1184.0,0,0.906747159558021,True
reference_screen,2022,growth,M0,5,student,304,2021-12-31 00:00:00,1.01,1750.0,1376.0,0,0.9628056976585377,True
reference_screen,2024,growth,M0,5,student,499,2023-12-29 00:00:00,1.0,1593.0,1311.0,0,0.9393276061238746,True
reference_screen,2022,growth,M0,10,student,304,2021-12-31 00:00:00,1.0,1815.0,1507.0,0,0.9231709460562206,True
reference_screen,2024,growth,M0,10,student,499,2023-12-29 00:00:00,1.0,1566.0,1115.0,0,1.0022066336858215,True
reference_screen,2022,growth,M0,20,student,304,2021-12-31 00:00:00,1.01,1962.0,1697.0,0,0.9993626462146283,True
reference_screen,2024,growth,M0,20,student,499,2023-12-29 00:00:00,1.0,1627.0,1369.0,0,0.9946648025907426,True
reference_screen,2022,growth,M0size,1,student,304,2021-12-31 00:00:00,1.0,2642.0,1947.0,0,1.0392732030254175,True
reference_screen,2024,growth,M0size,1,student,499,2023-12-29 00:00:00,1.0,1238.0,771.0,0,0.8777324261993548,True
reference_screen,2022,growth,M0size,5,student,304,2021-12-31 00:00:00,1.0,2450.0,2049.0,0,0.9854440639458281,True
reference_screen,2024,growth,M0size,5,student,499,2023-12-29 00:00:00,1.0,2077.0,1250.0,0,0.9199477417169852,True
reference_screen,2022,growth,M0size,10,student,304,2021-12-31 00:00:00,1.0,2680.0,1714.0,0,0.9132805162467079,True
reference_screen,2024,growth,M0size,10,student,499,2023-12-29 00:00:00,1.0,2145.0,1405.0,0,0.9543757826631613,True
reference_screen,2022,growth,M0size,20,student,304,2021-12-31 00:00:00,1.01,2615.0,1662.0,0,0.9027790845090482,True
reference_screen,2024,growth,M0size,20,student,499,2023-12-29 00:00:00,1.0,2403.0,2001.0,0,1.0356159853991473,True
development,2022,growth,M0,1,student,304,2021-12-31 00:00:00,1.0,2642.0,1947.0,0,1.0392732030254175,True
development,2024,growth,M0,1,student,499,2023-12-29 00:00:00,1.0,1238.0,771.0,0,0.8777324261993548,True
development,2022,growth,M0,5,student,304,2021-12-31 00:00:00,1.0,2450.0,2049.0,0,0.9854440639458281,True
development,2024,growth,M0,5,student,499,2023-12-29 00:00:00,1.0,2077.0,1250.0,0,0.9199477417169852,True
development,2022,growth,M0,10,student,304,2021-12-31 00:00:00,1.0,2680.0,1714.0,0,0.9132805162467079,True
development,2024,growth,M0,10,student,499,2023-12-29 00:00:00,1.0,2145.0,1405.0,0,0.9543757826631613,True
development,2022,growth,M0,20,student,304,2021-12-31 00:00:00,1.01,2615.0,1662.0,0,0.9027790845090482,True
development,2024,growth,M0,20,student,499,2023-12-29 00:00:00,1.0,2403.0,2001.0,0,1.0356159853991473,True
development,2022,growth,M1,5,student,304,2021-12-31 00:00:00,1.0,2805.0,1828.0,0,0.9861299837931309,True
development,2024,growth,M1,5,student,499,2023-12-29 00:00:00,1.0,1786.0,1269.0,0,0.9872029305996375,True
development,2022,growth,M1,10,student,304,2021-12-31 00:00:00,1.0,2196.0,1804.0,0,0.9744483076246417,True
development,2024,growth,M1,10,student,499,2023-12-29 00:00:00,1.0,2433.0,1118.0,0,0.9644158485187914,True
development,2022,growth,M1,20,student,304,2021-12-31 00:00:00,1.0,2559.0,1688.0,0,0.9841190314580152,True
development,2024,growth,M1,20,student,499,2023-12-29 00:00:00,1.0,2465.0,1676.0,0,1.0131828543590735,True
development,2022,growth,M2,1,student,304,2021-12-31 00:00:00,1.0,2443.0,1703.0,0,0.9530407544336363,True
development,2024,growth,M2,1,student,499,2023-12-29 00:00:00,1.0,1816.0,1261.0,0,0.8736417008051022,True
development,2022,growth,M2,5,student,304,2021-12-31 00:00:00,1.0,2392.0,1581.0,0,0.9532646991706755,True
development,2024,growth,M2,5,student,499,2023-12-29 00:00:00,1.0,2131.0,1236.0,0,0.8988850846745771,True
development,2022,growth,M2,10,student,304,2021-12-31 00:00:00,1.0,2398.0,1847.0,0,0.9879177518261191,True
development,2024,growth,M2,10,student,499,2023-12-29 00:00:00,1.0,2358.0,1375.0,0,0.9147249865687307,True
development,2022,growth,M2,20,student,304,2021-12-31 00:00:00,1.0,2739.0,1998.0,0,0.9671097969770905,True
development,2024,growth,M2,20,student,499,2023-12-29 00:00:00,1.0,2492.0,2044.0,0,0.9555216012919364,True
development,2022,growth,M3,5,student,304,2021-12-31 00:00:00,1.0,2771.0,1641.0,0,0.8545842395500525,True
development,2024,growth,M3,5,student,499,2023-12-29 00:00:00,1.0,2989.0,2070.0,0,0.9434053077682636,True
development,2022,growth,M3,10,student,304,2021-12-31 00:00:00,1.0,2730.0,2118.0,0,0.9684908207853096,True
development,2024,growth,M3,10,student,499,2023-12-29 00:00:00,1.0,3246.0,2214.0,0,0.9053000992789456,True
development,2022,growth,M3,20,student,304,2021-12-31 00:00:00,1.0,3255.0,2039.0,0,0.9175962434442699,True
development,2024,growth,M3,20,student,499,2023-12-29 00:00:00,1.0,3099.0,2175.0,0,0.9919433974760471,True
development,2022,growth,M1size,10,student,304,2021-12-31 00:00:00,1.0,2647.0,2029.0,0,0.9737193821576652,True
development,2024,growth,M1size,10,student,499,2023-12-29 00:00:00,1.0,1357.0,857.0,0,0.898508176013511,True
final,final,growth,M0,1,student,623,2024-12-30 00:00:00,1.0,1457.0,997.0,0,0.8966651779822287,True
final,final,growth,M2,1,student,623,2024-12-30 00:00:00,1.0,1716.0,968.0,0,0.898322664094331,True
final,final,growth,M0,5,student,623,2024-12-30 00:00:00,1.0,1522.0,1225.0,0,0.8653631152392101,True
final,final,growth,M1,5,student,623,2024-12-30 00:00:00,1.0,1451.0,884.0,0,0.879756657353585,True
final,final,growth,M2,5,student,623,2024-12-30 00:00:00,1.0,1538.0,1179.0,0,0.9077665011979331,True
final,final,growth,M3,5,student,623,2024-12-30 00:00:00,1.0,2343.0,1613.0,0,0.9694779126825356,True
final,final,growth,M0,10,student,623,2024-12-30 00:00:00,1.0,1323.0,869.0,0,0.9490514730281043,True
final,final,growth,M1,10,student,623,2024-12-30 00:00:00,1.0,1456.0,1059.0,0,0.9001441424902636,True
final,final,growth,M2,10,student,623,2024-12-30 00:00:00,1.0,1488.0,1303.0,0,0.9355150351601913,True
final,final,growth,M3,10,student,623,2024-12-30 00:00:00,1.0,1684.0,955.0,0,0.9270650016355583,True
final,final,growth,M0,20,student,623,2024-12-30 00:00:00,1.0,1665.0,1052.0,0,0.8676777379973298,True
final,final,growth,M1,20,student,623,2024-12-30 00:00:00,1.0,1353.0,585.0,0,0.8943564882213959,True
final,final,growth,M2,20,student,623,2024-12-30 00:00:00,1.0,2377.0,1712.0,0,1.035469720178181,True
final,final,growth,M3,20,student,623,2024-12-30 00:00:00,1.0,1981.0,1304.0,0,0.9245152779607094,True
sensitivity_0.5,sensitivity_0.5,growth,M3,10,student,623,2024-12-30 00:00:00,1.0,2174.0,1503.0,0,0.9746519047735539,True
sensitivity_2.0,sensitivity_2.0,growth,M3,10,student,623,2024-12-30 00:00:00,1.0,2477.0,1666.0,0,0.9514047160685779,True
